method,machine_id,count,min,median,mean,max,label
ConvAE + LOF,00,55,-0.5128653049468994,-0.427767276763916,-0.37825534807687455,0.005131615325808525,normal
ConvAE + LOF,00,108,-0.5100468993186951,-0.09938466176390648,-0.11456215064498354,0.5250402092933655,anomaly
ConvAE + LOF,02,49,-0.5028466582298279,-0.425700306892395,-0.39106937632800975,0.03148479014635086,normal
ConvAE + LOF,02,73,-0.4886375069618225,-0.1734006255865097,-0.06513191085972198,0.759041965007782,anomaly
ConvAE + LOF,04,49,-0.5104132294654846,-0.45893657207489014,-0.3751987061102171,0.10202716290950775,normal
ConvAE + LOF,04,70,-0.4481571614742279,-0.12034183368086815,-0.07282477884021188,0.3755992352962494,anomaly
ConvAE + LOF,06,47,-0.4877151846885681,-0.21938031911849976,-0.18242496133167693,0.2515038847923279,normal
ConvAE + LOF,06,69,-0.41777950525283813,-0.10950542986392975,-0.05021529428768849,0.4108687937259674,anomaly
ConvAE Recon Error,00,55,0.006867529358714819,0.007645850535482168,0.007897462661970745,0.010684494860470295,normal
ConvAE Recon Error,00,108,0.006231860723346472,0.007869590539485216,0.007893321401853528,0.010528690181672573,anomaly
ConvAE Recon Error,02,49,0.006516456604003906,0.0070744846016168594,0.007230806820170611,0.00891717616468668,normal
ConvAE Recon Error,02,73,0.006390292197465897,0.006937440950423479,0.007265009260289881,0.008584746159613132,anomaly
ConvAE Recon Error,04,49,0.005926104728132486,0.00643068365752697,0.006502093082027776,0.007915211841464043,normal
ConvAE Recon Error,04,70,0.006669444963335991,0.007306506158784032,0.007527996160622154,0.012617832981050014,anomaly
ConvAE Recon Error,06,47,0.005977155640721321,0.006709401961416006,0.006664064643468628,0.008444220758974552,normal
ConvAE Recon Error,06,69,0.006105887703597546,0.007026359438896179,0.007152620075351518,0.009279180318117142,anomaly
