method,machine_id,normal_count,anomaly_count,false_positives,false_positive_rate,false_negatives,false_negative_rate,anomaly_recall,normal_recall,balanced_accuracy
Protocol 2 ConvAE + IF,00,55,108,31,0.5636363636363636,35,0.32407407407407407,0.6759259259259259,0.43636363636363634,0.5561447811447812
Protocol 2 ConvAE + IF,02,49,73,22,0.4489795918367347,25,0.3424657534246575,0.6575342465753424,0.5510204081632653,0.6042773273693038
Protocol 2 ConvAE + IF,04,49,70,32,0.6530612244897959,24,0.34285714285714286,0.6571428571428571,0.3469387755102041,0.5020408163265306
Protocol 2 ConvAE + IF,06,47,69,30,0.6382978723404256,29,0.42028985507246375,0.5797101449275363,0.3617021276595745,0.4707061362935554
Protocol 2 ConvAE + LOF,00,55,108,9,0.16363636363636364,33,0.3055555555555556,0.6944444444444444,0.8363636363636363,0.7654040404040403
Protocol 2 ConvAE + LOF,02,49,73,5,0.10204081632653061,32,0.4383561643835616,0.5616438356164384,0.8979591836734694,0.7298015096449539
Protocol 2 ConvAE + LOF,04,49,70,9,0.1836734693877551,12,0.17142857142857143,0.8285714285714286,0.8163265306122449,0.8224489795918368
Protocol 2 ConvAE + LOF,06,47,69,19,0.40425531914893614,24,0.34782608695652173,0.6521739130434783,0.5957446808510638,0.623959296947271
Protocol 2 ConvAE Recon Error,00,55,108,55,1.0,3,0.027777777777777776,0.9722222222222222,0.0,0.4861111111111111
Protocol 2 ConvAE Recon Error,02,49,73,49,1.0,4,0.0547945205479452,0.9452054794520548,0.0,0.4726027397260274
Protocol 2 ConvAE Recon Error,04,49,70,19,0.3877551020408163,0,0.0,1.0,0.6122448979591837,0.8061224489795918
Protocol 2 ConvAE Recon Error,06,47,69,30,0.6382978723404256,11,0.15942028985507245,0.8405797101449275,0.3617021276595745,0.601140918902251
Protocol 2 OC-SVM (AE latent),00,55,108,35,0.6363636363636364,26,0.24074074074074073,0.7592592592592593,0.36363636363636365,0.5614478114478114
Protocol 2 OC-SVM (AE latent),02,49,73,23,0.46938775510204084,20,0.273972602739726,0.726027397260274,0.5306122448979592,0.6283198210791165
Protocol 2 OC-SVM (AE latent),04,49,70,36,0.7346938775510204,18,0.2571428571428571,0.7428571428571429,0.2653061224489796,0.5040816326530613
Protocol 2 OC-SVM (AE latent),06,47,69,34,0.723404255319149,23,0.3333333333333333,0.6666666666666666,0.2765957446808511,0.4716312056737588
